ID;NOM;Lat;Lon;Alt_(m);Réseau;Humidité_relative;Neige;Précipitomètre;Pluviomètre_à_auget;Température_de_l'air;Température_à_10_cm_dans_le_sol;Température_du_point_de_rosée;Direction_du_vent_(10m);Direction_du_vent_(3m);Direction_de_la_pointe_de_vent_(10m);Direction_de_la_pointe_de_vent_(3m);Vitesse_du_vent_(10m);Vitesse_du_vent_(3m);Vitesse_de_la_pointe_de_vent_(10m);Vitesse_de_la_pointe_de_vent_(3m);Rayonnement_solaire;Pression_atmosphérique;Pression_atmosphérique_au_niveau_de_la_mer;;
cgga;Aéroport_de_Gaspé;48.77672000;-64.47940000;40;DEA;OUI;OUI;OUI;OUI;OUI;NON;OUI;OUI;NON;OUI;NON;OUI;NON;OUI;NON;NON;OUI;OUI;;
cgrq;Aéroport_de_Trois-Rivières;46.35932800;-72.67593000;62;DEA;OUI;OUI;OUI;OUI;OUI;NON;OUI;OUI;NON;OUI;NON;OUI;NON;OUI;NON;OUI;OUI;OUI;;
cygr;Aéroport_des_Îles_de_la_Madeleine;47.42521300;-61.77467500;10;DEA;OUI;NON;NON;NON;OUI;NON;OUI;OUI;NON;OUI;NON;OUI;NON;OUI;NON;NON;OUI;OUI;;
cmoj;Armagh;46.70573000;-70.58296000;317;FADQ;OUI;OUI;NON;OUI;OUI;NON;OUI;NON;OUI;NON;OUI;NON;OUI;NON;OUI;NON;NON;NON;;
cmxc;Arundel_F;45.96415000;-74.57995000;184;FADQ;OUI;OUI;NON;OUI;OUI;OUI;OUI;NON;OUI;NON;OUI;NON;OUI;NON;OUI;NON;NON;NON;;
cybg;Bagotville;48.33310000;-71.00000000;159;DEA;OUI;NON;NON;NON;OUI;NON;OUI;OUI;NON;NON;NON;OUI;NON;NON;NON;NON;OUI;OUI;;
cwfw;Baie-Comeau;49.25920000;-68.14500000;128;DEA;OUI;NON;OUI;OUI;OUI;NON;OUI;OUI;NON;OUI;NON;OUI;NON;OUI;NON;OUI;OUI;OUI;;
cybc;Baie-Comeau_A;49.13250000;-68.20435000;21;DEA;OUI;NON;OUI;NON;OUI;NON;OUI;OUI;NON;OUI;NON;OUI;NON;OUI;NON;NON;OUI;OUI;;
cgbc;Baie-Comeau_RCS;49.13500000;-68.20240000;21;DEA;OUI;OUI;OUI;OUI;OUI;NON;OUI;OUI;NON;OUI;NON;OUI;NON;OUI;NON;NON;OUI;OUI;;
cmsz;Baie-Saint-Paul;47.46067100;-70.50115200;26;FADQ;OUI;OUI;NON;OUI;OUI;OUI;OUI;NON;OUI;NON;OUI;NON;OUI;NON;OUI;OUI;NON;NON;;
cqbw;Baldwin;48.56190000;-66.10550000;620;DCF;OUI;NON;NON;OUI;OUI;NON;OUI;OUI;NON;OUI;NON;OUI;NON;OUI;NON;NON;NON;NON;;
cwba;Barrage_Témiscamingue;46.70970000;-79.10110000;180;DEA;OUI;OUI;OUI;OUI;OUI;NON;OUI;OUI;NON;OUI;NON;OUI;NON;OUI;NON;NON;NON;NON;;
cmua;Barraute;48.47514200;-77.65506800;313;FADQ;OUI;OUI;NON;OUI;OUI;OUI;OUI;NON;NON;NON;NON;NON;NON;NON;NON;NON;NON;NON;;
cmba;Barrière_-_Barrage_amont;47.49890000;-76.73060000;323;HYDRO;OUI;OUI;OUI;OUI;OUI;NON;OUI;NON;OUI;NON;NON;NON;OUI;NON;NON;NON;NON;NON;;
cwhv;Beauceville;46.20489100;-70.78505900;228;DEA;OUI;NON;OUI;OUI;OUI;NON;OUI;OUI;NON;OUI;NON;OUI;NON;OUI;NON;NON;OUI;OUI;;
cxbo;Beauport;46.83699700;-71.19733900;10;DEA;OUI;NON;OUI;OUI;OUI;NON;OUI;OUI;NON;OUI;NON;OUI;NON;OUI;NON;NON;NON;NON;;
cqbt;Berthelot;48.47610000;-76.25610000;400;SOPFEU;OUI;NON;NON;OUI;OUI;NON;OUI;OUI;NON;NON;NON;OUI;NON;OUI;NON;NON;NON;NON;;
cqbf;Boffin;46.95440000;-71.60750000;200;SOPFEU;OUI;NON;NON;OUI;OUI;NON;OUI;OUI;NON;NON;NON;OUI;NON;OUI;NON;NON;NON;NON;;
qfbr;Bristol;45.53030000;-76.44423300;90;FADQ;OUI;OUI;NON;OUI;OUI;NON;OUI;NON;NON;NON;NON;NON;NON;NON;NON;NON;NON;NON;;
cmzo;Brownsburg-Chatham;45.66715000;-74.47141700;104;FADQ;OUI;OUI;NON;OUI;OUI;OUI;OUI;NON;NON;NON;NON;NON;NON;NON;NON;OUI;NON;NON;;
qfbu;Bury;45.53666000;-71.53765000;287;FADQ;OUI;OUI;NON;OUI;OUI;NON;OUI;NON;NON;NON;NON;NON;NON;NON;NON;NON;NON;NON;;
qfcl;Calixa-Lavallée;45.72959500;-73.25414900;84;FADQ;OUI;OUI;NON;OUI;OUI;OUI;OUI;NON;OUI;NON;OUI;NON;OUI;NON;OUI;NON;NON;NON;;
cwrz;Cap_D'Espoir;48.41920000;-64.31720000;15;DEA;OUI;NON;NON;NON;OUI;NON;OUI;OUI;NON;OUI;NON;OUI;NON;OUI;NON;NON;OUI;OUI;;
cwsg;Cap-Chat;49.10920000;-66.65420000;4;DEA;OUI;NON;OUI;NON;OUI;NON;OUI;OUI;NON;OUI;NON;OUI;NON;OUI;NON;NON;OUI;OUI;;
cmyp;Cap-Chat-Est;49.10010000;-66.61875000;34;FADQ;OUI;OUI;NON;OUI;OUI;OUI;OUI;NON;OUI;NON;OUI;NON;OUI;NON;OUI;NON;NON;NON;;
cwsf;Cap-Madeleine;49.25080000;-65.32490000;28;DEA;OUI;OUI;OUI;OUI;OUI;NON;OUI;OUI;NON;OUI;NON;OUI;NON;OUI;NON;NON;OUI;OUI;;
cwtn;Cap-Tourmente;47.07860000;-70.78080000;5;DEA;OUI;NON;OUI;NON;OUI;NON;OUI;OUI;NON;OUI;NON;OUI;NON;OUI;NON;OUI;OUI;OUI;;
cqcu;Capitachouane;47.82720000;-76.59720000;365;SOPFEU;OUI;OUI;OUI;OUI;OUI;NON;OUI;OUI;OUI;NON;NON;OUI;OUI;OUI;NON;NON;NON;NON;;
cgcl;Causapscal;48.30878900;-67.25275400;127;DEA;OUI;OUI;OUI;OUI;OUI;NON;OUI;OUI;NON;OUI;NON;OUI;NON;OUI;NON;NON;OUI;OUI;;
sgea;CETAB_Victoriaville_A;46.04336110;-71.97310830;105;SM;OUI;OUI;NON;OUI;OUI;OUI;OUI;NON;OUI;NON;OUI;NON;OUI;NON;OUI;NON;NON;NON;;
cmty;Chambord;48.44345000;-72.09638300;113;FADQ;OUI;OUI;NON;OUI;OUI;NON;OUI;NON;OUI;NON;OUI;NON;OUI;NON;OUI;OUI;NON;NON;;
cwee;Chamouchouane;49.27860000;-73.35560000;305;ALCAN;OUI;NON;OUI;OUI;OUI;NON;OUI;NON;NON;NON;NON;NON;NON;NON;NON;NON;OUI;NON;;
cwis;Charlevoix;47.28420000;-70.63720000;717;DEA;OUI;OUI;OUI;OUI;OUI;NON;OUI;OUI;OUI;OUI;NON;OUI;OUI;OUI;NON;NON;OUI;OUI;;
cqcd;Chute_du_Diable;48.75000000;-71.70000000;174;ALCAN;OUI;NON;OUI;NON;OUI;NON;OUI;NON;NON;NON;NON;NON;NON;NON;NON;NON;NON;NON;;
cmzi;Clarendon;45.63265900;-76.53520400;169;FADQ;OUI;OUI;NON;OUI;OUI;OUI;OUI;NON;OUI;NON;OUI;NON;OUI;NON;OUI;OUI;NON;NON;;
cmwu;Cloutier;48.01616700;-79.13505000;273;FADQ;OUI;OUI;NON;OUI;OUI;OUI;OUI;NON;NON;NON;NON;NON;NON;NON;NON;NON;NON;NON;;
cmvf;Compton;45.25994700;-71.83372900;245;FADQ;OUI;OUI;NON;OUI;OUI;OUI;OUI;NON;NON;NON;NON;NON;NON;NON;NON;NON;NON;NON;;
cqyc;Coulonge;46.08500000;-76.55140000;250;DCF;OUI;OUI;OUI;OUI;OUI;NON;OUI;OUI;OUI;OUI;OUI;OUI;OUI;OUI;OUI;NON;NON;NON;;
cmph;Courcelles;45.86175000;-70.94356700;390;FADQ;OUI;OUI;NON;OUI;OUI;OUI;OUI;NON;OUI;NON;OUI;NON;OUI;NON;OUI;OUI;NON;NON;;
cwhq;Deschambault;46.69064100;-71.97173200;63;DEA;OUI;NON;OUI;NON;OUI;NON;OUI;OUI;NON;OUI;NON;OUI;NON;OUI;NON;OUI;NON;NON;;
cmvh;Deschambault_SM;46.67678300;-71.92485800;22;FADQ;OUI;OUI;NON;OUI;OUI;OUI;OUI;NON;OUI;NON;OUI;NON;OUI;NON;OUI;OUI;NON;NON;;
cqdo;Domaine;47.02530000;-76.53060000;368;SOPFEU;OUI;NON;NON;OUI;OUI;NON;OUI;OUI;NON;NON;NON;OUI;NON;OUI;NON;NON;NON;NON;;
qfdo;Dosquet;46.47225000;-71.53793000;135;FADQ;OUI;OUI;NON;OUI;OUI;NON;OUI;NON;NON;NON;NON;NON;NON;NON;NON;NON;NON;NON;;
cqdu;Duchénier;48.11670000;-68.59180000;340;DCF;OUI;NON;NON;OUI;OUI;NON;OUI;OUI;NON;OUI;NON;OUI;NON;OUI;NON;NON;NON;NON;;
cmud;Duhamel;47.33264300;-79.34831400;228;FADQ;OUI;OUI;NON;OUI;OUI;NON;OUI;NON;OUI;NON;OUI;NON;OUI;NON;OUI;OUI;NON;NON;;
cgmd;Dumoine_Nord;47.33389000;-77.95639000;374;SOPFEU;OUI;NON;NON;OUI;OUI;NON;OUI;OUI;NON;NON;NON;OUI;NON;OUI;NON;NON;NON;NON;;
cqdf;Dunford;47.02440000;-71.60470000;404;SOPFEU;OUI;NON;NON;OUI;OUI;NON;OUI;OUI;NON;NON;NON;OUI;NON;OUI;NON;NON;NON;NON;;
cmvj;Dunham;45.09621600;-72.81338300;217;FADQ;OUI;NON;NON;OUI;OUI;OUI;OUI;NON;NON;NON;NON;NON;NON;NON;NON;OUI;NON;NON;;
cqdn;Dunière;48.70630000;-66.77690000;460;DCF;OUI;NON;NON;OUI;OUI;NON;OUI;OUI;NON;OUI;NON;OUI;NON;OUI;NON;NON;NON;NON;;
qfpb;East_Broughton;46.21691700;-71.12053800;467;FADQ;OUI;OUI;NON;OUI;OUI;NON;OUI;NON;NON;NON;NON;NON;NON;NON;NON;NON;NON;NON;;
cmzs;Egan-Sud;46.52306700;-75.94671700;176;FADQ;OUI;OUI;NON;OUI;OUI;NON;OUI;NON;NON;NON;NON;NON;NON;NON;NON;NON;NON;NON;;
cqeo;Escoumins;48.54300000;-69.44210000;650;SOPFEU;OUI;NON;NON;OUI;OUI;NON;OUI;OUI;NON;NON;NON;OUI;NON;OUI;NON;NON;NON;NON;;
qfes;Esprit-Saint;48.06982000;-68.60642000;253;FADQ;OUI;OUI;NON;OUI;OUI;NON;OUI;NON;NON;NON;NON;NON;NON;NON;NON;NON;NON;NON;;
cqes;Estcourt;47.55580000;-69.12810000;270;DCF;OUI;OUI;NON;OUI;OUI;NON;OUI;OUI;NON;OUI;NON;OUI;NON;OUI;NON;NON;NON;NON;;
cmmf;Farnham_F;45.30306400;-72.98273400;64;FADQ;OUI;OUI;NON;OUI;OUI;NON;OUI;NON;NON;NON;NON;NON;NON;NON;NON;NON;NON;NON;;
cmzn;Ferme-Neuve;46.71661700;-75.40463300;233;FADQ;OUI;OUI;NON;OUI;OUI;NON;OUI;NON;NON;NON;NON;NON;NON;NON;NON;NON;NON;NON;;
cmfm;Forêt_Montmorency;47.32260000;-71.14830000;672;DEA;OUI;OUI;OUI;OUI;OUI;NON;OUI;OUI;NON;OUI;NON;OUI;NON;OUI;NON;OUI;OUI;OUI;;
cmuf;Frampton;46.47640000;-70.76520000;415;FADQ;OUI;OUI;NON;OUI;OUI;OUI;OUI;NON;OUI;NON;OUI;NON;OUI;NON;OUI;OUI;NON;NON;;
cmvk;Franklin;45.03390300;-73.89885700;171;FADQ;OUI;OUI;NON;OUI;OUI;OUI;OUI;NON;OUI;NON;OUI;NON;OUI;NON;OUI;OUI;NON;NON;;
cwfq;Frelighsburg;45.03958300;-72.85611700;151;DEA;OUI;OUI;OUI;OUI;OUI;NON;OUI;OUI;NON;OUI;NON;OUI;NON;OUI;NON;NON;OUI;OUI;;
cqga;Galifet;47.25720000;-73.73810000;426;SOPFEU;OUI;OUI;OUI;OUI;OUI;NON;OUI;OUI;OUI;NON;NON;OUI;OUI;OUI;NON;NON;NON;NON;;
cmvs;Garagona;45.06481700;-72.84115300;153;FADQ;OUI;NON;NON;OUI;OUI;OUI;OUI;NON;OUI;NON;OUI;NON;OUI;NON;OUI;NON;NON;NON;;
cmgx;Gaspé;48.91520000;-64.95620000;502;SOPFEU;OUI;NON;NON;OUI;OUI;NON;OUI;OUI;NON;NON;NON;OUI;NON;OUI;NON;NON;NON;NON;;
cygp;Gaspé_A;48.77610000;-64.47810000;35;DEA;OUI;NON;NON;NON;OUI;NON;OUI;OUI;NON;OUI;NON;OUI;NON;OUI;NON;NON;OUI;OUI;;
cynd;Gatineau_A;45.52045100;-75.56295600;59;DEA;OUI;NON;NON;NON;OUI;NON;OUI;OUI;NON;OUI;NON;OUI;NON;OUI;NON;NON;OUI;OUI;;
cqgo;Gouin;48.88470000;-74.22830000;488;SOPFEU;OUI;OUI;OUI;OUI;OUI;NON;OUI;OUI;OUI;NON;NON;OUI;OUI;OUI;NON;NON;NON;NON;;
cmgb;Granby;45.37280000;-72.77390000;90;DEA;OUI;OUI;NON;OUI;OUI;NON;OUI;OUI;NON;OUI;NON;OUI;NON;OUI;NON;NON;OUI;OUI;;
cmir;Grand_Lac_Victoria_Hydrométéo;47.72280000;-77.40480000;330;HYDRO;OUI;OUI;OUI;OUI;OUI;NON;OUI;NON;OUI;NON;NON;NON;OUI;NON;NON;NON;NON;NON;;
cmgz;Grandes-Bergeronnes;48.27452900;-69.54366100;59;DEA;OUI;OUI;OUI;OUI;OUI;NON;OUI;OUI;NON;OUI;NON;OUI;NON;OUI;NON;NON;OUI;OUI;;
cmug;Guérin;47.64870000;-79.31699600;284;FADQ;OUI;OUI;NON;OUI;OUI;OUI;OUI;NON;OUI;NON;OUI;NON;OUI;NON;OUI;NON;NON;NON;;
cqha;Harricana;48.89920000;-78.15860000;300;SOPFEU;OUI;NON;NON;OUI;OUI;NON;OUI;OUI;NON;NON;NON;OUI;NON;OUI;NON;NON;NON;NON;;
cmtk;Hébertville;48.41720000;-71.73565000;155;FADQ;OUI;OUI;NON;OUI;OUI;OUI;OUI;NON;OUI;NON;OUI;NON;OUI;NON;OUI;OUI;NON;NON;;
cmvt;Hemmingford;45.04705800;-73.60981400;67;FADQ;OUI;OUI;NON;OUI;OUI;OUI;OUI;NON;NON;NON;NON;NON;NON;NON;NON;NON;NON;NON;;
cmvu;Henryville;45.13285600;-73.21874900;39;FADQ;OUI;OUI;NON;OUI;OUI;OUI;OUI;NON;NON;NON;NON;NON;NON;NON;NON;OUI;NON;NON;;
cxhf;High_Falls;45.83940000;-75.64820000;195;DEA;OUI;NON;OUI;NON;OUI;NON;OUI;NON;NON;NON;NON;NON;NON;NON;NON;NON;NON;NON;;
cmof;Honfleur;46.67323000;-70.87324000;100;FADQ;OUI;OUI;NON;OUI;OUI;NON;OUI;NON;OUI;NON;OUI;NON;OUI;NON;OUI;NON;NON;NON;;
cwgr;Îles-de-la-Madeleine;47.42519400;-61.77466700;7;DEA;OUI;NON;OUI;OUI;OUI;NON;OUI;OUI;NON;OUI;NON;OUI;NON;OUI;NON;NON;OUI;OUI;;
cmwf;Inverness;46.33976700;-71.55171700;164;FADQ;OUI;OUI;NON;OUI;OUI;OUI;OUI;NON;OUI;NON;OUI;NON;OUI;NON;OUI;OUI;NON;NON;;
cqjr;Jérémie;50.05330000;-78.77860000;260;SOPFEU;OUI;NON;NON;OUI;OUI;NON;OUI;OUI;NON;NON;NON;OUI;NON;OUI;NON;NON;NON;NON;;
cwjo;Jonquière;48.42500000;-71.14250000;135;DEA;OUI;NON;OUI;OUI;OUI;NON;OUI;OUI;NON;OUI;NON;OUI;NON;OUI;NON;NON;OUI;OUI;;
cmoz;Kamouraska;47.55833200;-69.83749900;20;FADQ;OUI;OUI;NON;OUI;OUI;OUI;OUI;NON;OUI;NON;OUI;NON;OUI;NON;OUI;OUI;NON;NON;;
cmki;Kipawa;47.15640000;-78.93390000;324;SOPFEU;OUI;NON;NON;OUI;OUI;NON;OUI;OUI;NON;NON;NON;OUI;NON;OUI;NON;NON;NON;NON;;
cwiz;L'Acadie;45.29399000;-73.34968800;44;DEA;OUI;OUI;OUI;OUI;OUI;NON;OUI;OUI;NON;OUI;NON;OUI;NON;OUI;NON;NON;NON;NON;;
cwew;L'Assomption;45.80940000;-73.43480000;20;DEA;OUI;OUI;OUI;OUI;OUI;NON;OUI;OUI;NON;OUI;NON;OUI;NON;OUI;NON;OUI;OUI;OUI;;
cmum;L'Étang-du-Nord;47.37251000;-61.92916000;31;FADQ;OUI;OUI;NON;OUI;OUI;OUI;OUI;NON;OUI;NON;OUI;NON;OUI;NON;OUI;NON;NON;NON;;
cwux;La_Baie;48.29810000;-70.91950000;135;DEA;OUI;NON;NON;OUI;OUI;NON;OUI;OUI;NON;OUI;NON;OUI;NON;OUI;NON;OUI;OUI;OUI;;
qflb;La_Baie_F;48.29372000;-70.91543000;153;FADQ;OUI;OUI;NON;OUI;OUI;NON;OUI;NON;NON;NON;NON;NON;NON;NON;NON;NON;NON;NON;;
qflc;La_Croche;47.63144000;-72.74058000;174;FADQ;OUI;OUI;NON;OUI;OUI;NON;OUI;NON;NON;NON;NON;NON;NON;NON;NON;NON;NON;NON;;
qflp;La_Patrie;45.40516300;-71.23093000;388;FADQ;OUI;OUI;NON;OUI;OUI;OUI;OUI;NON;OUI;NON;OUI;NON;OUI;NON;OUI;OUI;NON;NON;;
cqla;La_Pêche;45.62220000;-76.01920000;200;DCF;OUI;NON;NON;OUI;OUI;NON;OUI;OUI;NON;OUI;NON;OUI;NON;OUI;NON;NON;NON;NON;;
cwst;La_Pocatière;47.35394100;-70.02908200;30;DEA;OUI;OUI;OUI;OUI;OUI;OUI;OUI;OUI;NON;OUI;NON;OUI;NON;OUI;NON;NON;OUI;OUI;;
cmuj;La_Reine;48.86357900;-79.36911200;291;FADQ;OUI;OUI;NON;OUI;OUI;OUI;OUI;NON;OUI;NON;OUI;NON;OUI;NON;OUI;NON;NON;NON;;
cwdq;La_Tuque;47.41110000;-72.78720000;167;DEA;OUI;OUI;OUI;OUI;OUI;NON;OUI;OUI;NON;OUI;NON;OUI;NON;OUI;NON;NON;OUI;OUI;;
cmnj;La_Visitation;46.11829000;-72.64218000;42;FADQ;OUI;OUI;NON;OUI;OUI;NON;OUI;NON;OUI;NON;OUI;NON;OUI;NON;OUI;NON;NON;NON;;
cm2h;Lac_Cold;48.18525000;-73.24416700;547;HYDRO;OUI;OUI;OUI;OUI;OUI;NON;OUI;OUI;OUI;OUI;NON;OUI;OUI;OUI;NON;NON;NON;NON;;
cmik;Lac_Cutaway;47.24330000;-72.96860000;265;HYDRO;OUI;OUI;OUI;OUI;OUI;NON;OUI;OUI;OUI;OUI;NON;OUI;OUI;OUI;NON;NON;NON;NON;;
cmfz;Lac_de_la_Roche;47.15472200;-75.19750000;390;HYDRO;OUI;OUI;OUI;OUI;OUI;NON;OUI;OUI;OUI;OUI;NON;OUI;OUI;OUI;NON;NON;NON;NON;;
cmfy;Lac_Gabrielle;46.45750000;-76.19760000;280;HYDRO;OUI;OUI;OUI;OUI;OUI;NON;OUI;OUI;OUI;OUI;NON;OUI;OUI;OUI;NON;NON;NON;NON;;
qflm;Lac_Matapédia;48.50936500;-67.44190200;184;FADQ;OUI;OUI;NON;OUI;OUI;NON;OUI;NON;NON;NON;NON;NON;NON;NON;NON;NON;NON;NON;;
cmus;Lac_Megantic;45.60636600;-70.93273900;476;DEA;OUI;OUI;OUI;OUI;OUI;NON;OUI;OUI;NON;OUI;NON;OUI;NON;OUI;NON;NON;OUI;OUI;;
cqlp;Lac_Panache;48.13750000;-72.63310000;435;SOPFEU;OUI;OUI;OUI;OUI;OUI;NON;OUI;OUI;OUI;NON;NON;OUI;OUI;OUI;NON;NON;NON;NON;;
qfbl;Lac-Brome;45.24441000;-72.60385000;271;FADQ;OUI;OUI;NON;OUI;OUI;NON;OUI;NON;NON;NON;NON;NON;NON;NON;NON;NON;NON;NON;;
cmzd;Lac-Sainte-Marie;45.97823300;-76.02553300;113;FADQ;OUI;OUI;NON;OUI;OUI;OUI;OUI;NON;OUI;NON;OUI;NON;OUI;NON;OUI;OUI;NON;NON;;
cqlm;Laflamme;48.92030000;-70.25170000;594;SOPFEU;OUI;OUI;OUI;OUI;OUI;NON;OUI;OUI;OUI;NON;NON;OUI;OUI;OUI;NON;NON;NON;NON;;
cmvv;Lanoraie;46.00875500;-73.21468900;17;FADQ;OUI;OUI;NON;OUI;OUI;OUI;OUI;NON;OUI;NON;OUI;NON;OUI;NON;OUI;OUI;NON;NON;;
cxlt;Laterrière;48.30720000;-71.12920000;162;ALCAN;OUI;NON;NON;NON;OUI;NON;OUI;OUI;NON;OUI;NON;OUI;NON;OUI;NON;NON;OUI;OUI;;
cmuh;Latulipe;47.53987000;-78.95276000;284;FADQ;OUI;OUI;NON;OUI;OUI;NON;OUI;NON;NON;NON;NON;NON;NON;NON;NON;NON;NON;NON;;
cmkd;Laval;45.68785200;-73.60703100;6;FADQ;OUI;OUI;NON;OUI;OUI;NON;OUI;NON;NON;NON;NON;NON;NON;NON;NON;NON;NON;NON;;
cmqc;Lawrenceville;45.43633300;-72.35140000;213;FADQ;OUI;OUI;NON;OUI;OUI;OUI;OUI;NON;OUI;NON;OUI;NON;OUI;NON;OUI;OUI;NON;NON;;
cmlu;Lemieux;46.30380000;-72.06050000;98;DEA;OUI;NON;OUI;NON;OUI;NON;OUI;OUI;NON;OUI;NON;OUI;NON;OUI;NON;OUI;OUI;OUI;;
cwqh;Lennoxville;45.36861300;-71.82343000;180;DEA;OUI;OUI;OUI;OUI;OUI;NON;OUI;OUI;NON;OUI;NON;OUI;NON;OUI;NON;NON;OUI;OUI;;
cmzg;Litchfield;45.80408300;-76.66868300;117;FADQ;OUI;OUI;NON;OUI;OUI;NON;OUI;NON;NON;NON;NON;NON;NON;NON;NON;NON;NON;NON;;
qfma;Macamic;48.80614000;-79.06718000;286;FADQ;OUI;OUI;NON;OUI;OUI;NON;OUI;NON;NON;NON;NON;NON;NON;NON;NON;NON;NON;NON;;
cwmj;Maniwaki;46.27355500;-75.98775000;199;DEA;OUI;OUI;OUI;OUI;OUI;NON;OUI;OUI;NON;OUI;NON;OUI;NON;OUI;NON;NON;OUI;OUI;;
cmxl;Maskinongé;46.20131700;-73.04111700;29;FADQ;OUI;OUI;NON;OUI;OUI;NON;OUI;NON;OUI;NON;OUI;NON;OUI;NON;OUI;OUI;NON;NON;;
cmzl;Masson;45.56245000;-75.34726700;48;FADQ;OUI;OUI;NON;OUI;OUI;OUI;OUI;NON;OUI;NON;OUI;NON;OUI;NON;OUI;OUI;NON;NON;;
cgmg;Matagami;49.75780000;-77.79310000;279;DEA;OUI;OUI;OUI;OUI;OUI;NON;OUI;OUI;NON;OUI;NON;OUI;NON;OUI;NON;NON;OUI;OUI;;
cynm;Matagami_A;49.76560000;-77.80500000;280;DEA;OUI;NON;OUI;NON;OUI;NON;OUI;OUI;NON;OUI;NON;OUI;NON;OUI;NON;NON;OUI;OUI;;
cmym;Matane;48.78611700;-67.45686700;271;FADQ;OUI;OUI;NON;OUI;OUI;OUI;OUI;NON;OUI;NON;OUI;NON;OUI;NON;OUI;OUI;NON;NON;;
cmmw;Matawin_Barrage_amont;46.86180000;-73.65910000;369;HYDRO;OUI;OUI;OUI;OUI;OUI;NON;OUI;NON;OUI;NON;NON;NON;OUI;NON;NON;NON;NON;NON;;
cwta;Mctavish;45.50500000;-73.57920000;72;DEA;OUI;OUI;OUI;NON;OUI;NON;OUI;OUI;NON;OUI;NON;OUI;NON;OUI;NON;OUI;OUI;OUI;;
cmqf;Melbourne;45.58922800;-72.09238800;259;FADQ;OUI;OUI;NON;OUI;OUI;OUI;OUI;NON;OUI;NON;OUI;NON;OUI;NON;OUI;OUI;NON;NON;;
cymx;Mirabel;45.66610000;-74.03310000;82;DEA;OUI;NON;NON;NON;OUI;NON;OUI;OUI;NON;NON;NON;OUI;NON;NON;NON;NON;OUI;OUI;;
cmzq;Mirabel_F;45.60608300;-74.13678300;45;FADQ;OUI;OUI;NON;OUI;OUI;OUI;OUI;NON;OUI;NON;OUI;NON;OUI;NON;OUI;OUI;NON;NON;;
cqmt;Mistaouac;49.44560000;-78.86690000;312;SOPFEU;OUI;NON;NON;OUI;OUI;NON;OUI;OUI;NON;NON;NON;OUI;NON;OUI;NON;NON;NON;NON;;
cqmb;Mistassibi_2;49.37310000;-71.94080000;183;ALCAN;NON;NON;OUI;OUI;OUI;NON;NON;NON;NON;OUI;NON;NON;NON;OUI;NON;NON;NON;NON;;
cqmi;Mistassini;49.33270000;-72.63080000;320;SOPFEU;OUI;NON;OUI;OUI;OUI;NON;OUI;OUI;NON;NON;NON;OUI;NON;OUI;NON;NON;NON;NON;;
cwix;Mistook;48.60000000;-71.71670000;112;ALCAN;OUI;NON;OUI;OUI;OUI;NON;OUI;OUI;NON;OUI;NON;OUI;NON;OUI;NON;NON;OUI;NON;;
cmji;Mont-Joli;48.60527700;-68.19555600;55;DEA;OUI;OUI;OUI;OUI;OUI;NON;OUI;OUI;NON;OUI;NON;OUI;NON;OUI;NON;NON;OUI;OUI;;
cyyy;Mont-Joli_A;48.60902000;-68.20759000;48;DEA;OUI;NON;NON;NON;OUI;NON;OUI;OUI;NON;NON;NON;OUI;NON;NON;NON;NON;OUI;OUI;;
cmzc;Mont-Laurier_F;46.52355000;-75.49013300;221;FADQ;OUI;OUI;NON;OUI;OUI;OUI;OUI;NON;OUI;NON;OUI;NON;OUI;NON;OUI;OUI;NON;NON;;
cqmk;Montagnais;47.89580000;-71.88830000;497;ALCAN;NON;NON;OUI;OUI;OUI;NON;NON;NON;NON;OUI;NON;NON;NON;OUI;NON;NON;NON;NON;;
cqmo;Montmagny;46.98170000;-70.32690000;340;DCF;OUI;OUI;NON;OUI;OUI;NON;OUI;OUI;NON;OUI;NON;OUI;NON;OUI;NON;NON;NON;NON;;
cwtq;Montréal_Intl;45.46780000;-73.74170000;31;DEA;OUI;OUI;OUI;OUI;OUI;OUI;OUI;OUI;NON;OUI;NON;OUI;NON;OUI;NON;OUI;OUI;OUI;;
qfnv;Napierville;45.16090600;-73.38464200;86;FADQ;OUI;OUI;NON;OUI;OUI;NON;OUI;NON;OUI;NON;OUI;NON;OUI;NON;OUI;NON;NON;NON;;
cyna;Natashquan_A;50.19000000;-61.78889000;11;DEA;OUI;NON;OUI;NON;OUI;NON;OUI;OUI;NON;OUI;NON;OUI;NON;OUI;NON;NON;OUI;OUI;;
cwoc;New_Carlisle;48.01202700;-65.33161100;46;DEA;OUI;NON;OUI;NON;OUI;NON;OUI;OUI;NON;OUI;NON;OUI;NON;OUI;NON;NON;OUI;OUI;;
cmjn;New_Richmond_East;48.15673300;-65.84191900;2;DEA;OUI;OUI;OUI;OUI;OUI;NON;OUI;OUI;NON;OUI;NON;OUI;NON;OUI;NON;NON;OUI;OUI;;
cmyw;New-Richmond;48.18888300;-65.83221700;46;FADQ;OUI;OUI;NON;OUI;OUI;NON;OUI;NON;OUI;NON;OUI;NON;OUI;NON;OUI;OUI;NON;NON;;
cmqz;Newport;45.39561700;-71.48973300;365;FADQ;OUI;OUI;NON;OUI;OUI;NON;OUI;NON;NON;NON;NON;NON;NON;NON;NON;NON;NON;NON;;
cwnq;Nicolet;46.22580000;-72.65720000;7;DEA;OUI;NON;OUI;NON;OUI;NON;OUI;OUI;NON;OUI;NON;OUI;NON;OUI;NON;OUI;OUI;OUI;;
cwod;Normandin;48.84197900;-72.54643000;136;DEA;OUI;OUI;OUI;OUI;OUI;OUI;OUI;OUI;NON;OUI;NON;OUI;NON;OUI;NON;OUI;OUI;OUI;;
qfno;Normandin_F;48.86388800;-72.51330600;193;FADQ;OUI;OUI;NON;OUI;OUI;NON;OUI;NON;NON;NON;NON;NON;NON;NON;NON;NON;NON;NON;;
qfnu;Nouvelle;48.16076000;-66.36607000;36;FADQ;OUI;OUI;NON;OUI;OUI;NON;OUI;NON;NON;NON;NON;NON;NON;NON;NON;NON;NON;NON;;
cqob;Observation;48.56860000;-65.20250000;520;DCF;OUI;NON;NON;OUI;OUI;NON;OUI;OUI;NON;OUI;NON;OUI;NON;OUI;NON;NON;NON;NON;;
cmvz;Oka;45.51621400;-74.08688500;93;FADQ;OUI;NON;NON;OUI;OUI;OUI;OUI;NON;NON;NON;NON;NON;NON;NON;NON;NON;NON;NON;;
cwxc;Onatchiway;48.89420000;-71.03170000;303;DEA;OUI;NON;OUI;OUI;OUI;NON;OUI;OUI;NON;OUI;NON;OUI;NON;OUI;NON;NON;OUI;OUI;;
cmzy;Ormstown_F;45.14711700;-74.02370000;46;FADQ;OUI;OUI;NON;OUI;OUI;NON;OUI;NON;OUI;NON;OUI;NON;OUI;NON;OUI;NON;NON;NON;;
cxoa;Ottawa_CDA;45.38240000;-75.71402000;79;DEA;OUI;OUI;OUI;OUI;OUI;OUI;OUI;OUI;NON;OUI;NON;OUI;NON;OUI;NON;OUI;OUI;OUI;;
cmub;Palmarolle;48.66411100;-79.16460200;273;FADQ;OUI;OUI;NON;OUI;OUI;NON;OUI;NON;OUI;NON;OUI;NON;OUI;NON;OUI;OUI;NON;NON;;
cqpa;Papineau_Labelle;46.21640000;-75.19670000;260;DCF;OUI;OUI;NON;OUI;OUI;NON;OUI;OUI;NON;OUI;NON;OUI;NON;OUI;NON;NON;NON;NON;;
ctpm;Pembroke;45.86007000;-77.25238700;161;DEA;OUI;OUI;OUI;OUI;OUI;NON;OUI;OUI;NON;OUI;NON;OUI;NON;OUI;NON;NON;OUI;OUI;;
cqpm;Pépinière_St-Modeste;47.83610000;-69.39000000;170;DCF;OUI;OUI;NON;OUI;OUI;NON;OUI;OUI;NON;OUI;NON;OUI;NON;OUI;NON;NON;NON;NON;;
cmts;Pépinière_Trécesson;48.57520000;-78.25530000;349;DCF;OUI;OUI;NON;NON;OUI;NON;OUI;OUI;NON;OUI;NON;OUI;NON;OUI;NON;OUI;NON;NON;;
cmyx;Percé;48.45861700;-64.35290000;127;FADQ;OUI;OUI;NON;OUI;OUI;OUI;OUI;NON;OUI;NON;OUI;NON;OUI;NON;OUI;NON;NON;NON;;
cwyq;Pointe-Au-Père;48.51386100;-68.46841600;4;DEA;OUI;NON;OUI;NON;OUI;NON;OUI;OUI;NON;OUI;NON;OUI;NON;OUI;NON;OUI;OUI;OUI;;
cmzk;Pontiac;45.55023300;-76.12616700;80;FADQ;OUI;OUI;NON;OUI;OUI;OUI;OUI;NON;OUI;NON;OUI;NON;OUI;NON;OUI;OUI;NON;NON;;
qfpo;Potton;45.04595100;-72.40333700;185;FADQ;OUI;OUI;NON;OUI;OUI;OUI;OUI;NON;OUI;NON;OUI;NON;OUI;NON;OUI;OUI;NON;NON;;
qfpv;Princeville;46.12507900;-71.89632500;151;FADQ;OUI;OUI;NON;OUI;OUI;NON;OUI;NON;NON;NON;NON;NON;NON;NON;NON;NON;NON;NON;;
cmuq;Privat;48.66000000;-78.71527800;308;FADQ;OUI;OUI;NON;OUI;OUI;OUI;OUI;NON;NON;NON;NON;NON;NON;NON;NON;NON;NON;NON;;
cwqb;Québec;46.80360000;-71.38170000;60;DEA;OUI;OUI;OUI;OUI;OUI;NON;OUI;OUI;NON;OUI;NON;OUI;NON;OUI;NON;NON;OUI;OUI;;
cyqb;Québec_A;46.78886100;-71.38380600;70;DEA;OUI;NON;NON;NON;OUI;NON;OUI;OUI;NON;NON;NON;OUI;NON;NON;NON;NON;OUI;OUI;;
cque;Quévillon;49.03610000;-77.02170000;293;SOPFEU;OUI;NON;NON;OUI;OUI;NON;OUI;OUI;NON;NON;NON;OUI;NON;OUI;NON;NON;NON;NON;;
cmrs;Rapide_Sept;47.79740000;-78.29630000;336;HYDRO;OUI;OUI;OUI;OUI;OUI;NON;OUI;NON;OUI;NON;NON;NON;OUI;NON;NON;NON;NON;NON;;
cmkg;Réservoir_Baskatong;46.71800000;-75.98680000;338;HYDRO;OUI;OUI;OUI;OUI;OUI;NON;OUI;OUI;OUI;OUI;NON;OUI;OUI;OUI;NON;NON;NON;NON;;
cmdw;Réservoir_Dozois;47.44750000;-77.07620000;360;HYDRO;OUI;OUI;OUI;OUI;OUI;NON;OUI;OUI;OUI;OUI;NON;OUI;OUI;OUI;NON;NON;NON;NON;;
cmpp;Réservoir_Pipmuacan;49.35970000;-70.91520000;537;HYDRO;OUI;OUI;OUI;OUI;OUI;NON;OUI;OUI;OUI;OUI;NON;OUI;OUI;OUI;NON;NON;NON;NON;;
cmyd;Rimouski;48.41803300;-68.53191700;108;FADQ;OUI;OUI;NON;OUI;OUI;NON;OUI;NON;NON;NON;NON;NON;NON;NON;NON;NON;NON;NON;;
cmre;Rivière_aux_Eaux_Mortes;47.09740000;-72.49600000;301;HYDRO;OUI;OUI;OUI;OUI;OUI;NON;OUI;OUI;OUI;OUI;NON;OUI;OUI;OUI;NON;NON;NON;NON;;
cmkb;Rivière_de_la_Corneille;46.75030000;-76.92620000;328;DCF;OUI;NON;NON;OUI;OUI;NON;OUI;OUI;NON;OUI;NON;OUI;NON;OUI;NON;NON;NON;NON;;
cmrw;Rivière_Windigo;47.91590000;-73.36960000;306;HYDRO;OUI;OUI;OUI;OUI;OUI;NON;OUI;OUI;OUI;OUI;NON;OUI;OUI;OUI;NON;NON;NON;NON;;
cwnh;Rivière-du-Loup;47.80610000;-69.54850000;146;DEA;OUI;OUI;OUI;OUI;OUI;NON;OUI;OUI;NON;OUI;NON;OUI;NON;OUI;NON;NON;OUI;OUI;;
cmza;Rivière-Rouge;46.46810000;-74.93731000;258;FADQ;OUI;OUI;NON;OUI;OUI;OUI;OUI;NON;OUI;NON;OUI;NON;OUI;NON;OUI;OUI;NON;NON;;
cyrj;Roberval;48.52302100;-72.26619000;174;DEA;OUI;NON;NON;NON;OUI;NON;OUI;OUI;NON;OUI;NON;OUI;NON;OUI;NON;NON;OUI;OUI;;
cqro;Rouge-Matawin;46.65810000;-74.51280000;520;DCF;OUI;OUI;OUI;OUI;OUI;NON;OUI;OUI;OUI;OUI;OUI;OUI;OUI;OUI;OUI;NON;NON;NON;;
cmwq;Rougemont;45.44992100;-73.06729800;79;FADQ;OUI;NON;NON;OUI;OUI;OUI;OUI;NON;NON;NON;NON;NON;NON;NON;NON;NON;NON;NON;;
cwuy;Rouyn;48.24582700;-79.03380000;317;DEA;OUI;NON;OUI;NON;OUI;NON;OUI;OUI;NON;OUI;NON;OUI;NON;OUI;NON;OUI;OUI;OUI;;
cyuy;Rouyn_A;48.20970500;-78.82886100;302;DEA;OUI;NON;NON;NON;OUI;NON;OUI;OUI;NON;NON;NON;OUI;NON;NON;NON;NON;OUI;OUI;;
cmtz;Sacré-Coeur;48.22401700;-69.79665000;116;FADQ;OUI;OUI;NON;OUI;OUI;NON;OUI;NON;OUI;NON;OUI;NON;OUI;NON;OUI;NON;NON;NON;;
cmtt;Saguenay;48.37630000;-71.17293300;165;FADQ;OUI;OUI;NON;OUI;OUI;NON;OUI;NON;NON;NON;NON;NON;NON;NON;NON;NON;NON;NON;;
cmai;Saint-Aimé-des-Lacs;47.68670000;-70.30200000;205;SOPFEU;OUI;NON;NON;OUI;OUI;NON;OUI;OUI;NON;NON;NON;OUI;NON;OUI;NON;NON;NON;NON;;
cmyi;Saint-Alexis-de-Matapédia;47.98723300;-67.07878300;298;FADQ;OUI;OUI;NON;OUI;OUI;NON;OUI;NON;NON;NON;NON;NON;NON;NON;NON;NON;NON;NON;;
cmtl;Saint-Ambroise_F;48.57138300;-71.33750000;116;FADQ;NON;NON;NON;NON;NON;NON;NON;NON;NON;NON;NON;NON;NON;NON;NON;NON;NON;NON;;
cmzm;Saint-André-Avellin;45.75505000;-75.03848300;176;FADQ;OUI;OUI;NON;OUI;OUI;OUI;OUI;NON;OUI;NON;OUI;NON;OUI;NON;OUI;OUI;NON;NON;;
cwbz;Saint-Anicet;45.12080000;-74.28950000;48;DEA;OUI;NON;OUI;NON;OUI;NON;OUI;OUI;NON;OUI;NON;OUI;NON;OUI;NON;OUI;OUI;OUI;;
cmwr;Saint-Antoine-de-Tilly;46.67461700;-71.53111200;66;FADQ;OUI;OUI;NON;OUI;OUI;OUI;OUI;NON;NON;NON;NON;NON;NON;NON;NON;NON;NON;NON;;
qfar;Saint-Arsène;47.94500000;-69.39048000;76;FADQ;OUI;OUI;NON;OUI;OUI;NON;OUI;NON;NON;NON;NON;NON;NON;NON;NON;NON;NON;NON;;
cmow;Saint-Aubert;47.17563300;-70.26143300;47;FADQ;OUI;OUI;NON;OUI;OUI;NON;OUI;NON;OUI;NON;OUI;NON;OUI;NON;OUI;OUI;NON;NON;;
qfsa;Saint-Augustin_(Dalmas);48.80838000;-71.97438000;208;FADQ;OUI;OUI;NON;OUI;OUI;NON;OUI;NON;NON;NON;NON;NON;NON;NON;NON;NON;NON;NON;;
cmxr;Saint-Barnabé;46.40771700;-72.85388300;81;FADQ;OUI;OUI;NON;OUI;OUI;NON;OUI;NON;OUI;NON;OUI;NON;OUI;NON;OUI;NON;NON;NON;;
cmku;Saint-Bernard;46.49744000;-71.18587000;164;FADQ;OUI;OUI;NON;OUI;OUI;OUI;OUI;NON;OUI;NON;OUI;NON;OUI;NON;OUI;OUI;NON;NON;;
cmnp;Saint-Bernard-de-Michaudville;45.85175100;-73.11679300;21;FADQ;OUI;OUI;NON;OUI;OUI;OUI;OUI;NON;NON;NON;NON;NON;NON;NON;NON;NON;NON;NON;;
qfbg;Saint-Bruno-de-Guigues;47.43749000;-79.43862000;213;FADQ;OUI;OUI;NON;OUI;OUI;NON;OUI;NON;NON;NON;NON;NON;NON;NON;NON;NON;NON;NON;;
cmwv;Saint-Bruno-de-Montarville;45.54137800;-73.34025800;58;FADQ;OUI;NON;NON;OUI;OUI;OUI;OUI;NON;OUI;NON;OUI;NON;OUI;NON;OUI;OUI;NON;NON;;
cmok;Saint-Camille-de-Lellis;46.49461700;-70.20336700;452;FADQ;OUI;OUI;NON;OUI;OUI;NON;OUI;NON;OUI;NON;OUI;NON;OUI;NON;OUI;NON;NON;NON;;
qfsc;Saint-Célestin;46.23299600;-72.37589200;58;FADQ;OUI;OUI;NON;OUI;OUI;NON;OUI;NON;OUI;NON;OUI;NON;OUI;NON;OUI;NON;NON;NON;;
qfcb;Saint-Charles-de-Bellechasse;46.74102000;-70.95374000;10;FADQ;OUI;OUI;NON;OUI;OUI;NON;OUI;NON;NON;NON;NON;NON;NON;NON;NON;NON;NON;NON;;
qfco;Saint-Charles-de-Bourget;48.50531000;-71.40052000;127;FADQ;OUI;OUI;NON;OUI;OUI;NON;OUI;NON;NON;NON;NON;NON;NON;NON;NON;NON;NON;NON;;
cmxh;Saint-Cléophas;46.24446900;-73.38622700;152;FADQ;OUI;OUI;NON;OUI;OUI;OUI;OUI;NON;OUI;NON;OUI;NON;OUI;NON;OUI;OUI;NON;NON;;
cmkh;Saint-Coeur-de-Marie;48.67355000;-71.71983300;137;FADQ;OUI;OUI;NON;OUI;OUI;OUI;OUI;NON;OUI;NON;OUI;NON;OUI;NON;OUI;OUI;NON;NON;;
cmuw;Saint-David;45.95748000;-72.86050100;29;FADQ;OUI;OUI;NON;OUI;OUI;OUI;OUI;NON;OUI;NON;OUI;NON;OUI;NON;OUI;OUI;NON;NON;;
cmvw;Saint-Édouard-de-Lotbinière;46.57080000;-71.84158300;67;FADQ;OUI;OUI;NON;OUI;OUI;NON;OUI;NON;NON;NON;NON;NON;NON;NON;NON;NON;NON;NON;;
cmun;Saint-Éloi;48.05925900;-69.28119500;33;FADQ;OUI;OUI;NON;OUI;OUI;OUI;OUI;NON;OUI;NON;OUI;NON;OUI;NON;OUI;OUI;NON;NON;;
qfse;Saint-Éphrem;46.03643300;-70.87131700;332;FADQ;OUI;OUI;NON;OUI;OUI;NON;OUI;NON;OUI;NON;OUI;NON;OUI;NON;OUI;NON;NON;NON;;
cmta;Saint-Eugène-d'Argentenay;48.97016700;-72.26831700;143;FADQ;OUI;OUI;NON;OUI;OUI;OUI;OUI;NON;OUI;NON;OUI;NON;OUI;NON;OUI;NON;NON;NON;;
cmuz;Saint-Fabien;48.28483200;-68.84120000;144;FADQ;OUI;OUI;NON;OUI;OUI;OUI;OUI;NON;OUI;NON;OUI;NON;OUI;NON;OUI;OUI;NON;NON;;
cmkf;Saint-Félix-de-Kingsey;45.82885000;-72.20553300;160;FADQ;OUI;OUI;NON;OUI;OUI;NON;OUI;NON;OUI;NON;OUI;NON;OUI;NON;OUI;OUI;NON;NON;;
qfsf;Saint-Flavien;46.54182000;-71.55901000;149;FADQ;NON;NON;NON;NON;NON;NON;NON;NON;NON;NON;NON;NON;NON;NON;NON;NON;NON;NON;;
cmyg;Saint-Gabriel-de-Rimouski;48.41688300;-68.11556700;336;FADQ;OUI;OUI;NON;OUI;OUI;OUI;OUI;NON;OUI;NON;OUI;NON;OUI;NON;OUI;OUI;NON;NON;;
qfsg;Saint-Gédéon_de_Grandmont;48.50517700;-71.74246700;121;FADQ;OUI;OUI;NON;OUI;OUI;NON;OUI;NON;NON;NON;NON;NON;NON;NON;NON;NON;NON;NON;;
cmqh;Saint-Georges-de-Windsor;45.65901700;-71.78618300;280;FADQ;OUI;OUI;NON;OUI;OUI;OUI;OUI;NON;OUI;NON;OUI;NON;OUI;NON;OUI;OUI;NON;NON;;
cmsi;Saint-Germain-de-Grantham;45.82530000;-72.53700000;85;DEA;OUI;OUI;OUI;OUI;OUI;NON;OUI;OUI;NON;OUI;NON;OUI;NON;OUI;NON;NON;OUI;OUI;;
cmkq;Saint-Godefroi;48.12464000;-65.12440600;122;FADQ;OUI;OUI;NON;OUI;OUI;NON;OUI;NON;NON;NON;NON;NON;NON;NON;NON;NON;NON;NON;;
cmwx;Saint-Grégoire;45.34832100;-73.15643700;49;FADQ;OUI;OUI;NON;OUI;OUI;OUI;OUI;NON;OUI;NON;OUI;NON;OUI;NON;OUI;OUI;NON;NON;;
cmnh;Saint-Herménégilde;45.09620000;-71.71446700;453;FADQ;OUI;OUI;NON;OUI;OUI;OUI;OUI;NON;OUI;NON;OUI;NON;OUI;NON;OUI;OUI;NON;NON;;
cmwy;Saint-Hilaire;45.52399000;-73.16740000;52;FADQ;OUI;OUI;NON;OUI;OUI;OUI;OUI;NON;OUI;NON;OUI;NON;OUI;NON;OUI;NON;NON;NON;;
cmsw;Saint-Hilarion_F;47.59640700;-70.40716000;408;FADQ;OUI;OUI;NON;OUI;OUI;NON;OUI;NON;OUI;NON;OUI;NON;OUI;NON;OUI;NON;NON;NON;;
cyhu;Saint-Hubert;45.51522300;-73.41769900;25;DEA;OUI;NON;OUI;NON;OUI;NON;OUI;OUI;NON;OUI;NON;OUI;NON;OUI;NON;NON;OUI;OUI;;
cmzw;Saint-Jacques;45.95653300;-73.55656700;59;FADQ;OUI;OUI;NON;OUI;OUI;NON;OUI;NON;NON;NON;NON;NON;NON;NON;NON;NON;NON;NON;;
cmyc;Saint-Jean-de-Dieu;47.93752900;-69.04312300;261;FADQ;OUI;OUI;NON;OUI;OUI;NON;OUI;NON;NON;NON;NON;NON;NON;NON;NON;OUI;NON;NON;;
qfak;Saint-Joseph-de-Kamouraska;47.64500000;-69.60574000;134;FADQ;OUI;OUI;NON;OUI;OUI;NON;OUI;NON;NON;NON;NON;NON;NON;NON;NON;NON;NON;NON;;
cmvd;Saint-Joseph-de-Lepage;48.58416700;-68.11722200;74;FADQ;OUI;OUI;NON;OUI;OUI;OUI;OUI;NON;OUI;NON;OUI;NON;OUI;NON;OUI;NON;NON;NON;;
cmwz;Saint-Joseph-du-Lac;45.54059500;-74.02648100;90;FADQ;OUI;NON;NON;OUI;OUI;OUI;OUI;NON;NON;NON;NON;NON;NON;NON;NON;NON;NON;NON;;
cwjt;Saint-Jovite;46.08044400;-74.55581500;238;DEA;OUI;NON;OUI;NON;OUI;NON;OUI;OUI;NON;OUI;NON;OUI;NON;OUI;NON;OUI;OUI;OUI;;
cmxb;Saint-Laurent;46.87202100;-70.99240600;34;FADQ;OUI;OUI;NON;OUI;OUI;NON;OUI;NON;OUI;NON;OUI;NON;OUI;NON;OUI;OUI;NON;NON;;
cmnx;Saint-Léon-le-Grand;48.35564300;-67.55082900;264;FADQ;OUI;OUI;NON;OUI;OUI;OUI;OUI;NON;OUI;NON;OUI;NON;OUI;NON;OUI;OUI;NON;NON;;
cmxy;Saint-Léonard-de-Portneuf;46.88540000;-71.91026700;154;FADQ;OUI;OUI;NON;OUI;OUI;NON;OUI;NON;OUI;NON;OUI;NON;OUI;NON;OUI;NON;NON;NON;;
cmnb;Saint-Liboire;45.65170000;-72.80273000;66;FADQ;OUI;OUI;NON;OUI;OUI;NON;OUI;NON;OUI;NON;OUI;NON;OUI;NON;OUI;OUI;NON;NON;;
cmuu;Saint-Louis-de-Blandford;46.23600000;-72.07800000;91;FADQ;OUI;OUI;NON;OUI;OUI;OUI;OUI;NON;OUI;NON;OUI;NON;OUI;NON;OUI;NON;NON;NON;;
cmup;Saint-Marc-de-Figuery;48.41779100;-78.01777200;312;FADQ;OUI;OUI;NON;OUI;OUI;OUI;OUI;NON;OUI;NON;OUI;NON;OUI;NON;OUI;NON;NON;NON;;
cmov;Saint-Marcel;46.88730000;-70.07241700;436;FADQ;OUI;OUI;NON;OUI;OUI;OUI;OUI;NON;OUI;NON;OUI;NON;OUI;NON;OUI;OUI;NON;NON;;
cmpq;Saint-Martin;45.91431700;-70.59563300;345;FADQ;OUI;OUI;NON;OUI;OUI;NON;OUI;NON;OUI;NON;OUI;NON;OUI;NON;OUI;OUI;NON;NON;;
cqst;Saint-Maurice;46.95720000;-73.00560000;370;DCF;OUI;OUI;OUI;OUI;OUI;NON;OUI;OUI;OUI;OUI;OUI;OUI;OUI;OUI;OUI;NON;NON;NON;;
cqsl;Saint-Michel;46.68250000;-73.91370000;375;SOPFEU;OUI;NON;NON;OUI;OUI;NON;OUI;OUI;NON;NON;NON;OUI;NON;OUI;NON;NON;NON;NON;;
cmmy;Saint-Michel-des-Saints;46.81560000;-74.09400000;390;DEA;OUI;OUI;OUI;OUI;OUI;NON;OUI;OUI;NON;OUI;NON;OUI;NON;OUI;NON;NON;OUI;OUI;;
cmxd;Saint-Paul-d'Abbotsford;45.44952900;-72.88728600;99;FADQ;OUI;OUI;NON;OUI;OUI;OUI;OUI;NON;NON;NON;NON;NON;NON;NON;NON;OUI;NON;NON;;
cmoe;Saint-Pierre-de-la-Rivière-du-Sud;46.93500000;-70.63586700;36;FADQ;OUI;OUI;NON;OUI;OUI;OUI;OUI;NON;OUI;NON;OUI;NON;OUI;NON;OUI;OUI;NON;NON;;
cmzt;Saint-Polycarpe_F;45.34228300;-74.34045000;63;FADQ;OUI;OUI;NON;OUI;OUI;NON;OUI;NON;NON;NON;NON;NON;NON;NON;NON;OUI;NON;NON;;
cmtg;Saint-Prime;48.61718300;-72.41041700;111;FADQ;OUI;OUI;NON;OUI;OUI;OUI;OUI;NON;OUI;NON;OUI;NON;OUI;NON;OUI;NON;NON;NON;;
qfsp;Saint-Prosper;46.21978000;-70.39487000;366;FADQ;OUI;OUI;NON;OUI;OUI;NON;OUI;NON;NON;NON;NON;NON;NON;NON;NON;NON;NON;NON;;
cmpt;Saint-Rémi;45.29443600;-73.59288000;53;FADQ;OUI;OUI;NON;OUI;OUI;NON;OUI;NON;OUI;NON;OUI;NON;OUI;NON;OUI;OUI;NON;NON;;
cmxv;Saint-Tite;46.68586000;-72.54324000;144;FADQ;OUI;OUI;NON;OUI;OUI;NON;OUI;NON;OUI;NON;OUI;NON;OUI;NON;OUI;NON;NON;NON;;
cmnw;Saint-Ulric-de-Matane;48.76086000;-67.73900000;81;FADQ;OUI;OUI;NON;OUI;OUI;NON;OUI;NON;NON;NON;NON;NON;NON;NON;NON;OUI;NON;NON;;
cwvq;Sainte-Anne-de-Bellevue;45.42720000;-73.92920000;38;DEA;OUI;OUI;OUI;OUI;OUI;OUI;OUI;OUI;NON;OUI;NON;OUI;NON;OUI;NON;NON;OUI;OUI;;
cmzu;Sainte-Anne-des-Plaines;45.76690000;-73.84911700;59;FADQ;OUI;OUI;NON;OUI;OUI;OUI;OUI;NON;OUI;NON;OUI;NON;OUI;NON;OUI;OUI;NON;NON;;
qfsl;Sainte-Cécile-de-Levrard;46.46102000;-72.15606000;48;FADQ;OUI;OUI;NON;OUI;OUI;NON;OUI;NON;NON;NON;NON;NON;NON;NON;NON;NON;NON;NON;;
cmww;Sainte-Cécile-de-Milton;45.48029800;-72.74489200;121;FADQ;OUI;OUI;NON;OUI;OUI;OUI;OUI;NON;OUI;NON;OUI;NON;OUI;NON;OUI;NON;NON;NON;;
cmpf;Sainte-Cécile-de-Whitton;45.63263300;-70.92278300;479;FADQ;OUI;OUI;NON;OUI;OUI;OUI;OUI;NON;OUI;NON;OUI;NON;OUI;NON;OUI;OUI;NON;NON;;
cwit;Sainte-Clotilde;45.16668200;-73.67831800;52;DEA;OUI;OUI;OUI;OUI;OUI;OUI;OUI;OUI;NON;OUI;NON;OUI;NON;OUI;NON;OUI;OUI;OUI;;
cmuv;Sainte-Clotilde-de-Horton;45.98783100;-72.25911300;89;FADQ;OUI;OUI;NON;OUI;OUI;OUI;OUI;NON;OUI;NON;OUI;NON;OUI;NON;OUI;NON;NON;NON;;
cmwb;Sainte-Famille_I.O.;46.97157300;-70.95656300;95;FADQ;OUI;OUI;NON;OUI;OUI;OUI;OUI;NON;OUI;NON;OUI;NON;OUI;NON;OUI;NON;NON;NON;;
cwjb;Sainte-Foy;46.78030000;-71.28750000;91;DEA;OUI;OUI;OUI;NON;OUI;NON;OUI;OUI;NON;OUI;NON;OUI;NON;OUI;NON;OUI;NON;NON;;
cmxu;Sainte-Geneviève-de-Batiscan;46.51000000;-72.38561700;59;FADQ;OUI;OUI;NON;OUI;OUI;OUI;OUI;NON;OUI;NON;OUI;NON;OUI;NON;OUI;NON;NON;NON;;
cmyh;Sayabec;48.56438300;-67.70146700;178;FADQ;OUI;OUI;NON;OUI;OUI;NON;OUI;NON;NON;NON;NON;NON;NON;NON;NON;NON;NON;NON;;
cxzv;Sept-Îles;50.21800000;-66.24140000;52;DEA;OUI;OUI;OUI;OUI;OUI;OUI;OUI;OUI;NON;OUI;NON;OUI;NON;OUI;NON;OUI;OUI;OUI;;
cyzv;Sept-Îles_A;50.21610000;-66.26610000;50;DEA;OUI;NON;NON;NON;OUI;NON;OUI;OUI;NON;NON;NON;OUI;NON;NON;NON;NON;OUI;OUI;;
cxsh;Shawinigan;46.56350000;-72.73330000;110;DEA;OUI;NON;NON;OUI;OUI;NON;OUI;OUI;NON;OUI;NON;OUI;NON;OUI;NON;OUI;OUI;OUI;;
cysc;Sherbrooke;45.44031300;-71.69193300;241;DEA;OUI;NON;OUI;NON;OUI;NON;OUI;OUI;NON;OUI;NON;OUI;NON;OUI;NON;NON;OUI;OUI;;
cmqe;Stanstead;45.09901700;-72.01653300;314;FADQ;OUI;OUI;NON;OUI;OUI;OUI;OUI;NON;OUI;NON;OUI;NON;OUI;NON;OUI;OUI;NON;NON;;
cmvb;Stratford;45.78560000;-71.32420000;274;FADQ;OUI;OUI;NON;OUI;OUI;NON;OUI;NON;OUI;NON;OUI;NON;OUI;NON;OUI;OUI;NON;NON;;
cmyb;Témiscouata-sur-le-Lac;47.58694800;-68.78311200;304;FADQ;OUI;OUI;NON;OUI;OUI;OUI;OUI;NON;OUI;NON;OUI;NON;OUI;NON;OUI;OUI;NON;NON;;
cmth;Thetford_Mines;46.04920000;-71.26620000;430;DEA;OUI;OUI;OUI;OUI;OUI;NON;OUI;OUI;NON;OUI;NON;OUI;NON;OUI;NON;NON;OUI;OUI;;
cwty;Trois-Rivières;46.35370000;-72.51510000;5;DEA;OUI;NON;NON;NON;OUI;NON;OUI;OUI;NON;OUI;NON;OUI;NON;OUI;NON;OUI;OUI;OUI;;
cyrq;Trois-Rivières_A;46.35157000;-72.68046000;60;DEA;OUI;NON;OUI;NON;OUI;NON;OUI;OUI;NON;OUI;NON;OUI;NON;OUI;NON;NON;OUI;OUI;;
cyvo;Val_d'Or_A;48.05333000;-77.78278000;336;DEA;OUI;NON;OUI;NON;OUI;NON;OUI;OUI;NON;OUI;NON;OUI;NON;OUI;NON;NON;OUI;OUI;;
cgvo;Val-d'Or_RCS;48.05650000;-77.78660000;339;DEA;OUI;OUI;OUI;OUI;OUI;NON;OUI;OUI;NON;OUI;NON;OUI;NON;OUI;NON;NON;OUI;OUI;;
cmzf;Val-des-Monts;45.79285000;-75.67511700;176;FADQ;OUI;OUI;NON;OUI;OUI;NON;OUI;NON;NON;NON;NON;NON;NON;NON;NON;NON;NON;NON;;
cyoy;Valcartier_A;46.90030000;-71.50330000;169;DEA;OUI;NON;OUI;NON;OUI;NON;OUI;OUI;NON;NON;NON;OUI;NON;NON;NON;NON;OUI;OUI;;
cmxg;Victoriaville;46.03675600;-71.91891900;149;FADQ;OUI;OUI;NON;OUI;OUI;NON;OUI;NON;OUI;NON;OUI;NON;OUI;NON;OUI;OUI;NON;NON;;
cqwg;Wageguma;48.48830000;-73.45940000;594;SOPFEU;OUI;OUI;OUI;OUI;OUI;NON;OUI;OUI;OUI;NON;NON;OUI;OUI;OUI;NON;NON;NON;NON;;
cqwe;Weymont;47.84970000;-73.81190000;375;SOPFEU;OUI;OUI;OUI;OUI;OUI;NON;OUI;OUI;OUI;NON;NON;OUI;OUI;OUI;NON;NON;NON;NON;;
